id,amount,currency,status,description,customer_email,created,payment_method,payment_method_details.type,payment_method_details.card.brand,payment_method_details.card.last4,payment_method_details.card.exp_month,payment_method_details.card.exp_year,metadata.order_id
pi_DoirIvUcRLSCAFmU,60325,eur,requires_action,Billion medical.,hunteralexis@example.net,1742656861,pm_EiVXsECFNxKLUFKV,card,mastercard,6930,10,2026,2574c5aa-4488-473b-86ff-38c02d35539e
pi_CCXPXVIHgGRVvcmb,24348,cad,requires_payment_method,Career call.,jwise@example.net,1741960946,pm_xgHJqTkyjqsJucYH,card,amex,6311,11,2025,7d74aba9-ee55-4e8a-805b-b46f9767b156
pi_UQGtiINUDvGtUBGv,14918,usd,succeeded,Model board although.,martinezdanielle@example.net,1743772840,pm_YgZiYHSqSqIoXDIA,card,mastercard,0365,7,2030,885c71ef-9cea-4baa-b2d3-110b0b2f2f1b
pi_vbXCDynIlujMSoty,78446,usd,requires_action,Something inside value.,reyesdiana@example.net,1743437524,pm_tLakLTBsuMTdXWZf,card,amex,2825,5,2025,15389f19-a94d-495f-b754-0e1b7f1d9f18
pi_wQzhRwUeyCwUHvCy,69909,cad,succeeded,Bit board price give I.,rcole@example.net,1742387564,pm_IGsfXECNQCxdMarX,card,visa,3909,10,2028,ab68b361-a9f4-4cf8-b9c6-87d2f62c1fce
pi_WRGJzHCEuYlEevtr,74270,cad,requires_payment_method,Meeting science century.,zherrera@example.net,1741618290,pm_kHpboEHFXIcCBtOw,card,mastercard,1972,9,2026,b01c737f-0a37-49b6-b4fe-4feed0fcce6b
pi_yimwGPToFfCvvoOZ,57621,cad,requires_action,Cultural factor garden.,emendoza@example.org,1742053629,pm_mtQfmMyzGvLAuHZR,card,amex,0653,10,2030,451b8dac-ea82-4987-8a93-a95ae6e5e2a8
pi_LZHzwvMZWhckcsxt,17055,eur,requires_action,Travel model health.,dmartinez@example.org,1743717537,pm_OSPRQefPGWmhdkNB,card,amex,1379,11,2028,8f3ca15d-aa03-4029-9e01-6731f12ad345
pi_cwqQqGGnguSCcfoM,89595,gbp,requires_action,Learn policy early exactly.,johnsondavid@example.com,1742662328,pm_eJiIQKiAYQzWfoty,card,mastercard,6325,1,2025,ddaf7d0e-56db-4588-b72e-0746781ec376
pi_tHPjwbHnTHOVtBSA,14607,gbp,requires_payment_method,International source attorney successful.,bdrake@example.net,1743595614,pm_ZfjqjlvtqvZPphgx,card,amex,9602,5,2029,d4e7fb23-883f-4012-9da5-745573742f0b
pi_dCVfiQNtpJDPopIi,25855,usd,processing,Capital way car training.,elizabethmartin@example.net,1743421824,pm_QsDQDXmTiHISiOKG,card,amex,2871,7,2028,a281001d-4720-4a1e-919e-8e489b905126
pi_mYlpEBDJnrTFDcuJ,29040,gbp,processing,Plan debate term side feeling.,walshjacqueline@example.net,1743452453,pm_aWxfmuKTgoggafde,card,visa,3230,3,2025,a056e8dd-67c9-4298-9f59-6681ed8a02af
pi_ulDRGhgzSmlTjfwL,30246,gbp,requires_action,Also church method.,bcurry@example.com,1743780120,pm_dUMzAsfzUnCJhJBq,card,amex,8539,2,2029,e2b90a3b-84b7-477b-b88f-f9ac03cd995e
pi_mqoROJEuedlTVSac,47519,gbp,succeeded,Today management tough especially.,kevinrodriguez@example.net,1742577745,pm_QVWUlOPAWNKVfxUP,card,mastercard,4147,11,2027,76efc2ff-9d40-4f94-9f9e-cba46cf011e3
pi_nZKRzKVYcLeOMGaM,54284,cad,requires_action,Where return.,eterry@example.org,1742951973,pm_mXpsrQOQtRWtuDHv,card,amex,5224,5,2025,aecf729c-d03e-4a9a-9eb1-7316d0bea62f
pi_JJyXScTLuPbJQukR,18088,eur,processing,Say need which fire.,jeffery21@example.org,1742735501,pm_HbwQNXSkvSZoOkOM,card,visa,5304,11,2026,d39d877b-0daa-40f9-9460-f261a9086330
pi_GZnrpaTTBxldruHp,85710,usd,processing,Next move adult.,mark73@example.org,1742873505,pm_ofhRYnUZyrIvzaQJ,card,amex,7171,12,2028,09885165-a4c4-4cab-88b5-e6753b3dd9e2
pi_WyeIjmnJieJJylVH,87461,eur,requires_payment_method,Table offer term safe.,kharrison@example.net,1742200312,pm_PvOgZtDoePEXzTFG,card,amex,1710,4,2030,059dae61-7a07-4a52-949f-2600bd14e99a
pi_XRHeEqyyMxdIuygw,55867,cad,requires_action,Son risk.,fjohnson@example.org,1742754281,pm_xppphQsZhUePUwZl,card,amex,0690,2,2025,236d5e91-ec20-4f48-b04e-1ff4a1328f41
pi_PAOdzOvEyvEJPzgT,27642,usd,succeeded,Rich management little fact worry.,stephengraham@example.org,1743762955,pm_lJrIKxLixZnUnYIE,card,mastercard,9203,5,2029,cca47228-9195-4a53-84d5-b030fc004e24
pi_TPDUxoGYFGZCHPZY,99704,eur,canceled,Push cold western north.,charlespineda@example.net,1741602847,pm_nUZmgJJqsSzULUwy,card,visa,9966,3,2027,36325c18-39a5-4581-bb34-69e8fae4d453
pi_rngtfNKxMzmNMIdw,17066,usd,processing,Game these.,melissa43@example.com,1743811254,pm_kJylwRCSLJBovAie,card,visa,0448,8,2030,028e3d16-03f7-4a98-9cec-76dc429c3afd
pi_JgoQJHSlNVmxDKfx,53996,cad,canceled,Crime usually into.,amanda39@example.com,1743062975,pm_lBWBwRAYnJxnpBmw,card,amex,6956,7,2026,0549c6d1-3f1e-497b-bb0b-4df31fdc6741
pi_iawezXdvBFGcvuvN,17942,gbp,processing,Around strong during pass.,davidriley@example.org,1741957740,pm_MsYPvvaEEmaXGcEn,card,mastercard,4082,1,2028,f9229b4a-424e-4647-b097-90c7b68999ad
pi_WiOTuLCCxYUUAlve,41718,usd,requires_action,Cost fly.,lauracampos@example.net,1742162425,pm_JVoeTWrOxGmILdKd,card,mastercard,0120,12,2030,4e6e41e8-319e-45cd-ab8a-e1de7df6d9c8
pi_COGfkLynREscLMqP,93144,eur,requires_payment_method,Growth method month game.,danielle69@example.com,1743718729,pm_mHXvGCtmGVSNkquw,card,amex,6177,2,2026,4d8ff7ca-3a8f-4493-8169-9ec394eadd45
pi_XGOnGxtMjtePvmof,11687,cad,requires_payment_method,Hundred so senior recently.,millermichelle@example.net,1741516151,pm_DijkvUUplaUZyHgv,card,mastercard,0173,1,2029,ec0e4f4c-eb7d-41f6-acc5-1035d923c44b
pi_weGvwqNgGDOjbUvV,940,eur,canceled,Improve smile.,michael33@example.com,1741887653,pm_kHJlKMmnVdsFGNtp,card,amex,2635,10,2029,2f711e54-20f6-47fd-a4fd-3319bffde87e
pi_QXIsXvgaFnonpZNs,96649,cad,requires_payment_method,Chair half hit.,ctucker@example.net,1742428528,pm_dsKFnEjynsWWNWcR,card,visa,1497,3,2030,f36d0b21-31f1-4529-bed9-390a914e9554
pi_hvsXVxMyNXQrXDxc,61136,usd,succeeded,Process want newspaper.,john24@example.com,1743691873,pm_odutctOmhEQAppXB,card,visa,5315,4,2028,fb606ec8-e9ec-4a99-b92f-78456ccde24a
pi_hQnBDbzNNwTjPBwy,70152,eur,succeeded,Yeah police sound I western.,nicolerose@example.com,1741511281,pm_cvuBdAcBDbNNrcHV,card,amex,2950,2,2026,d95f3ef6-e78a-42ec-a345-be4fd0f004bc
pi_VpQJJCqksEAvKoss,64214,eur,processing,Moment just throw direction.,craigpatterson@example.net,1743498255,pm_dspMJcsJpmIjdiRt,card,mastercard,8550,5,2025,e19f75f1-c8b9-42ee-9d2b-f77865a72bd2
pi_pOWfyIkkBmNPbFuf,2725,eur,requires_action,Human behavior another.,imoreno@example.net,1743652643,pm_sdjsfFVwlrnDtsnZ,card,amex,7028,3,2028,bee372fd-1da2-465a-bad2-d9392437f70a
pi_QBZilEoKgjsIOTdg,95487,eur,requires_payment_method,Any find financial history morning.,pauldavis@example.com,1742723113,pm_htcgPdwcpBIYKwNe,card,amex,1600,11,2029,36f079f6-7e50-45da-972d-eec0b7aa504e
pi_ijTDBoVlPrbDdSmf,48550,gbp,processing,Once majority section they.,stevensims@example.org,1741955875,pm_DjBihQiEJzoaCWUa,card,amex,9155,4,2026,7bccd507-eb24-4c89-bc8d-a6f177ccf539
pi_KyWfXuTgVKumWRCq,47985,cad,requires_action,Election else standard.,victoria96@example.com,1742875946,pm_fVUXfLQlqUEltPID,card,mastercard,4847,8,2026,ebf84e17-a015-4d17-ae56-0799bf849a90
pi_xEZSfVvKxvkJRHRE,30823,usd,processing,Very lawyer admit.,sharonhayes@example.org,1741487879,pm_GDBjACvLSysBrYHn,card,mastercard,4905,5,2025,41746a32-03e7-47f3-ac31-8467d5ff242c
pi_uLhkbUBDqFSzHKYn,68709,eur,succeeded,Practice send cultural important pretty.,steven97@example.net,1743486079,pm_OtndZwjwkPduLazi,card,visa,3622,10,2029,51977ce6-9e94-44fc-87c3-942154d5fabc
pi_eDczEFNhqEfNxRgc,89160,eur,canceled,I my into.,pamela02@example.org,1741844816,pm_LSmrJLzVaCasgbuO,card,mastercard,0303,6,2030,3be521e0-7c08-4d49-8128-29de8167219e
pi_TugIrHusDaVOndSY,45738,cad,processing,Practice cut whatever really.,brian53@example.net,1741955915,pm_MvOqTaXRiGNvieno,card,visa,0533,8,2025,1ee72323-3bc8-447d-ae05-08a444b592dd
pi_FASBIfDQVMOXFlen,45210,eur,succeeded,Do particular traditional.,lauramalone@example.org,1742948161,pm_mJIbTLwICbsYPvrZ,card,visa,4039,10,2029,ddfff9a2-6ad2-4cde-9127-577fae18d0f6
pi_CEOiDUrSAbQoMcaB,63760,usd,canceled,Fall boy responsibility action yet.,sethcook@example.net,1742148811,pm_hdybVXlDqzKFqmjQ,card,visa,6202,1,2025,51caa653-2e6e-4d53-9f8d-7aaa0389e5a5
pi_eoojJozliOaplMuY,69077,cad,succeeded,Fly mind three significant people.,melissagalloway@example.org,1743839607,pm_XgADKaylgdZUxYHL,card,amex,7433,4,2026,2682065c-374f-4dce-93ee-86f1dbdbb23b
pi_SSnNvgkNtPKcCNWm,33220,usd,canceled,Establish moment.,frank00@example.org,1741582422,pm_slLNdHaYubGBxEYa,card,amex,5063,6,2028,68077723-2a92-4d95-ac16-ba6b84a72b55
pi_lQLrNBmXtrUDDCNs,12164,gbp,canceled,Cover run beyond four theory.,karen59@example.org,1743361252,pm_fFFmdNJqzExELFJL,card,mastercard,0780,12,2029,f074f516-c24f-46f3-b6a1-11808309c817
pi_RenSDjEzCuyRaLks,26050,gbp,canceled,Ten western.,ogomez@example.net,1743647175,pm_qGBJvjIgBDqEdjUc,card,amex,4253,2,2029,a572f45e-e18e-427e-b2b5-c8dfed4bc29d
pi_vOySLkFFvCfnBsfL,60426,eur,canceled,Act cover subject man.,denniswelch@example.net,1743012773,pm_hpGUNvGeuxHBeUsq,card,amex,6465,5,2030,4ebff6e9-2f44-4f7b-918d-8ab824864346
pi_QguThGbldmSKXmvW,35356,usd,succeeded,Company Congress project.,cindycox@example.org,1742261384,pm_HlZqhzCrGRAMdrdc,card,mastercard,6887,1,2029,6cdf6dd2-e4b1-4f95-8278-2ddfb58a0e4c
pi_kRNSmBEmqPlEDIPn,55017,cad,succeeded,Top us mean significant product.,tylermcdowell@example.org,1741969934,pm_NMajohgtMQKTdfAJ,card,amex,6441,4,2025,13352e04-0d95-418d-a72d-5da4d8217827
pi_NtEPSTNZCGyZnrZs,51791,eur,canceled,Under understand.,jennifer62@example.org,1743588606,pm_ywByfSJoPuLCofYI,card,amex,2509,3,2028,62f4b29c-86a0-42e2-b7eb-54d006564b6e
pi_FSTRiPibzkUfdnpw,47471,gbp,requires_payment_method,Who specific station.,rhernandez@example.org,1742536590,pm_WPbiCAKLJwFmBzqR,card,visa,2841,1,2027,17b20d50-af90-40cb-94e3-be00e959e4a3
pi_WhtSltHGrQztWywH,22675,usd,requires_action,Bed there ten party similar.,sgarcia@example.net,1742965555,pm_LkWxhgpAcHGqpCFJ,card,visa,5112,12,2030,fc243731-494b-449a-ba9c-bbd059b707af
pi_oKpaOUkqSVhraqiv,75317,gbp,processing,Foreign sing the like.,robertbrewer@example.net,1741993970,pm_vBpPawnscJLOZqiE,card,amex,8762,5,2027,5a0515e3-daf0-4481-8a6f-fc727f7994b1
pi_ajvDcfIVKgGDYYPK,96448,cad,succeeded,Wall cover age.,xreed@example.com,1743277655,pm_SNqYBqGMovRGtjSI,card,visa,6182,2,2027,2726e384-f5f7-4c4c-8f19-8d5a6680dd0a
pi_jhQhfNELBfQlcbjX,740,eur,processing,Simple remember time hour because.,luismurray@example.net,1742368914,pm_WDHElNprGUtYmQBv,card,amex,8579,11,2027,e3998d21-3f46-4f15-870a-6680586868c5
pi_NXVoclSBoQUSgKUn,18923,cad,processing,Cause continue since special put.,suzannemiller@example.com,1742282873,pm_boyQshxbPhNeyZht,card,visa,9095,1,2027,4a8fc62c-2684-47cf-ae5c-b38b0dc827ae
pi_NcOvWyBbgEHTQdRI,96263,cad,succeeded,American goal story take size.,bscott@example.net,1743168272,pm_sVWduSITvIucoRjN,card,mastercard,9777,6,2027,2dec9a83-c4f0-494b-8ce2-fd8720d09299
pi_EskFOplKUfdOruDE,4171,gbp,requires_action,Democrat scene break tonight.,joseph00@example.org,1743201613,pm_dtVpjoiPrZZdXhoS,card,visa,7583,9,2028,7a0d8a81-a604-4ae7-a059-9a1b46243433
pi_oXCpBMsuuPhiQHdD,85791,gbp,succeeded,Edge set none radio.,yparsons@example.net,1741449511,pm_yyIjDgeKjYvkbrAZ,card,amex,4641,4,2025,ae1aa652-61f1-4882-8bee-389da8551fb4
pi_snuAeLHIGmIKAdRZ,43351,usd,requires_payment_method,Base picture reality.,joseph65@example.net,1742092212,pm_jStJLkgsthgkOtsD,card,mastercard,6251,2,2026,db570961-9159-49f7-88bb-fd910a42bc72
